"Project Name","Item ARK","Parent ARK","Item Status ID","Item Status","Object Type","File Name","Item Sequence","Opac url","Finding Aid URL","Archival Collection Title","Archival Collection Number","Box","Type.typeOfResource","Rights.copyrightStatus","Type.genre","Coverage.geographic","Subject","Rights.countryCreation","Rights.rightsHolderContact","Name.photographer","Name.creator","Repository","Relation.isPartOf","Title","Format.extent","Date.created","Date.normalized","Description.note","Alt ID.local","Format.dimensions","Inscription","Description.caption","Publisher.publisherName","Bucketeer State","IIIF Access URL","IIIF Manifest URL"
"Calif. Postcards Collection.  Collection 1351","ark:/21198/zz00090nmj","ark:/21198/zz0008hs73","2","Completed","Work","Masters/dlmasters/postcards/masters/21198-zz00090nmj-1-master.tif","","https://search.library.ucla.edu/permalink/01UCS_LAL/17p22dp/alma9942327163606533","http://oac.cdlib.org/findaid/ark:/13030/tf8v19p2bb","Collection of California Postcards","Collection 1351","11","still image","unknown","Cityscape photographs|~|photographic postcards","Los Angeles (Calif.)","City & town life--California--Los Angeles","US","UCLA Library Special Collections, A1713 Charles E. Young Research Library, Box 951575, Los Angeles, CA 90095-1575. Email: AskLSC@library.ucla.edu. Phone: (310) 825-4659","","","University of California, Los Angeles. Library. Department of Special Collections","California Postcards Collection. Department of Special Collections, Charles E. Young Research Library, UCLA.","Broadway at 7th St. looking South Los Angeles, Calif.","1 photographic postcard","[1939]","1939","No sender's message.","clus_1351_b11_fbroadway_1","14 x 8.5 cm. (5.5 x 3 in.)","","","","succeeded","https://iiif.library.ucla.edu/iiif/2/ark%3A%2F21198%2Fzz00090nmj","https://iiif.library.ucla.edu/ark%3A%2F21198%2Fzz00090nmj/manifest"
"Calif. Postcards Collection.  Collection 1351","ark:/21198/zz00090nn2","ark:/21198/zz0008hs73","2","Completed","Work","Masters/dlmasters/postcards/masters/21198-zz00090nn2-1-master.tif","","https://search.library.ucla.edu/permalink/01UCS_LAL/17p22dp/alma9942327163606534","http://oac.cdlib.org/findaid/ark:/13030/tf8v19p2bb","Collection of California Postcards","Collection 1351","14","still image","unknown","Postcards","","","US","UCLA Library Special Collections, A1713 Charles E. Young Research Library, Box 951575, Los Angeles, CA 90095-1575. Email: AskLSC@library.ucla.edu. Phone: (310) 825-4658","","","University of California, Los Angeles. Library. Department of Special Collections","California Postcards Collection. Department of Special Collections, Charles E. Young Research Library, UCLA.","California Poppies Greetings from California","1 postcard","unknown","","No sender's message.","clus_1351_b14_poppies_4","14 x 9 cm. (5.5 x 3.5 in.)","On Back: 1702 - ""Wood's"" Post Cards, Los Angeles","","","succeeded","https://iiif.library.ucla.edu/iiif/2/ark%3A%2F21198%2Fzz00090nn2","https://iiif.library.ucla.edu/ark%3A%2F21198%2Fzz00090nn2/manifest"
"Calif. Postcards Collection.  Collection 1351","ark:/21198/zz00090npk","ark:/21198/zz0008hs73","2","Completed","Work","Masters/dlmasters/postcards/masters/21198-zz00090npk-1-master.tif","","https://search.library.ucla.edu/permalink/01UCS_LAL/17p22dp/alma9942327163606535","http://oac.cdlib.org/findaid/ark:/13030/tf8v19p2bb","Collection of California Postcards","Collection 1351","14","still image","unknown","Postcards","","California poppy","US","UCLA Library Special Collections, A1713 Charles E. Young Research Library, Box 951575, Los Angeles, CA 90095-1575. Email: AskLSC@library.ucla.edu. Phone: (310) 825-4657","","Mitchell,  Edw. H.","University of California, Los Angeles. Library. Department of Special Collections","California Postcards Collection. Department of Special Collections, Charles E. Young Research Library, UCLA.","371 - California Poppy,  ""Copa De Oro"" (Cup of Gold)","1 postcard","unknown","","Made in America by Edw. H. Mitchell at San Francisco, California.|~|No sender's message.","clus_1351_b14_poppies_2","14 x 9 cm. (5.5 x 3.5 in.)","","","","succeeded","https://iiif.library.ucla.edu/iiif/2/ark%3A%2F21198%2Fzz00090npk","https://iiif.library.ucla.edu/ark%3A%2F21198%2Fzz00090npk/manifest"
"Calif. Postcards Collection.  Collection 1351","ark:/21198/zz00090nq3","ark:/21198/zz0008hs73","2","Completed","Work","Masters/dlmasters/postcards/masters/21198-zz00090nq3-1-master.tif","","https://search.library.ucla.edu/permalink/01UCS_LAL/17p22dp/alma9942327163606536","http://oac.cdlib.org/findaid/ark:/13030/tf8v19p2bb","Collection of California Postcards","Collection 1351","11","still image","unknown","Postcards","Los Angeles (Calif.)","","US","UCLA Library Special Collections, A1713 Charles E. Young Research Library, Box 951575, Los Angeles, CA 90095-1575. Email: AskLSC@library.ucla.edu. Phone: (310) 825-4656","","Tichnor art company","University of California, Los Angeles. Library. Department of Special Collections","California Postcards Collection. Department of Special Collections, Charles E. Young Research Library, UCLA.","Richfield Building, Los Angeles, California  T136","1 postcard","unknown","","Tichnor art company, L.A.|~|No sender's message.","T136|~|clus_1351_b11_fbuildings_1","14 x 9 cm. (5.5 x 3.5 in.)","","","","succeeded","https://iiif.library.ucla.edu/iiif/2/ark%3A%2F21198%2Fzz00090nq3","https://iiif.library.ucla.edu/ark%3A%2F21198%2Fzz00090nq3/manifest"
"Calif. Postcards Collection.  Collection 1351","ark:/21198/zz00090nrm","ark:/21198/zz0008hs73","2","Completed","Work","Masters/dlmasters/postcards/masters/21198-zz00090nrm-1-master.tif","","https://search.library.ucla.edu/permalink/01UCS_LAL/17p22dp/alma9942327163606537","http://oac.cdlib.org/findaid/ark:/13030/tf8v19p2bb","Collection of California Postcards","Collection 1351","14","still image","unknown","Postcards","","","US","UCLA Library Special Collections, A1713 Charles E. Young Research Library, Box 951575, Los Angeles, CA 90095-1575. Email: AskLSC@library.ucla.edu. Phone: (310) 825-4655","","","University of California, Los Angeles. Library. Department of Special Collections","California Postcards Collection. Department of Special Collections, Charles E. Young Research Library, UCLA.","California Poppy -- Eschscholtzia California","1 postcard.","unknown","","Could not find original postcard in box.  Cataloging from digital image.","clus_1351_b14_poppies_5","","","","","succeeded","https://iiif.library.ucla.edu/iiif/2/ark%3A%2F21198%2Fzz00090nrm","https://iiif.library.ucla.edu/ark%3A%2F21198%2Fzz00090nrm/manifest"
"Calif. Postcards Collection.  Collection 1351","ark:/21198/zz00090ns4","ark:/21198/zz0008hs73","2","Completed","Work","Masters/dlmasters/postcards/masters/21198-zz00090ns4-1-master.tif","","https://search.library.ucla.edu/permalink/01UCS_LAL/17p22dp/alma9942327163606538","http://oac.cdlib.org/findaid/ark:/13030/tf8v19p2bb","Collection of California Postcards","Collection 1351","11","still image","unknown","Cityscape photographs|~|photographic postcards","Los Angeles (Calif.)","","US","UCLA Library Special Collections, A1713 Charles E. Young Research Library, Box 951575, Los Angeles, CA 90095-1575. Email: AskLSC@library.ucla.edu. Phone: (310) 825-4654","Hoffman Photo Service","","University of California, Los Angeles. Library. Department of Special Collections","California Postcards Collection. Department of Special Collections, Charles E. Young Research Library, UCLA.","View from City Hall looking East Los Angeles, California 709","1 photographic postcard","unknown","","No sender's message.","clus_1351_b11_fbirdseyeview_2","14 x 8.5 cm. (5.5 x 3 in.)","","","","succeeded","https://iiif.library.ucla.edu/iiif/2/ark%3A%2F21198%2Fzz00090ns4","https://iiif.library.ucla.edu/ark%3A%2F21198%2Fzz00090ns4/manifest"
"Calif. Postcards Collection.  Collection 1351","ark:/21198/zz00090ntn","ark:/21198/zz0008hs73","2","Completed","Work","Masters/dlmasters/postcards/masters/21198-zz00090ntn-1-master.tif","","https://search.library.ucla.edu/permalink/01UCS_LAL/17p22dp/alma9942327163606539","http://oac.cdlib.org/findaid/ark:/13030/tf8v19p2bb","Collection of California Postcards","Collection 1351","14","still image","unknown","Postcards","","California poppy","US","UCLA Library Special Collections, A1713 Charles E. Young Research Library, Box 951575, Los Angeles, CA 90095-1575. Email: AskLSC@library.ucla.edu. Phone: (310) 825-4653","","","University of California, Los Angeles. Library. Department of Special Collections","California Postcards Collection. Department of Special Collections, Charles E. Young Research Library, UCLA.","California Poppies, ""Copa De Oro"" (Cup of Gold)","1 postcard","unknown","","handwritting :""National Flower""|~|No sender's message.","clus_1351_b14_poppies_3","14 x 9 cm. (5.5 x 3.5 in.)","Published by E.P. Charlton & Co.","","E.P. Charlton & Co.","succeeded","https://iiif.library.ucla.edu/iiif/2/ark%3A%2F21198%2Fzz00090ntn","https://iiif.library.ucla.edu/ark%3A%2F21198%2Fzz00090ntn/manifest"
"Calif. Postcards Collection.  Collection 1351","ark:/21198/zz00090nv5","ark:/21198/zz0008hs73","2","Completed","Work","Masters/dlmasters/postcards/masters/21198-zz00090nv5-1-master.tif","","https://search.library.ucla.edu/permalink/01UCS_LAL/17p22dp/alma9942327163606540","http://oac.cdlib.org/findaid/ark:/13030/tf8v19p2bb","Collection of California Postcards","Collection 1351","11","still image","unknown","Postcards","Elysian Park (Los Angeles, Calif.)","","US","UCLA Library Special Collections, A1713 Charles E. Young Research Library, Box 951575, Los Angeles, CA 90095-1575. Email: AskLSC@library.ucla.edu. Phone: (310) 825-4652","","","University of California, Los Angeles. Library. Department of Special Collections","California Postcards Collection. Department of Special Collections, Charles E. Young Research Library, UCLA.","Los Angeles River Valley from Scenic Poit, Elysian Park, Mt. Lowe in the Distance, Los Angeles, Cal.","1 postcard","[1919]","1919","","clus_1351_b11_fbirdseyeview_1","14 x 8.5 cm. (5.5 x 3 in.)","On verso of postcard: Hecht's Quality Cards.  L.A. 66.Postmark: Los Angeles Cal. Mar 16 11 30PM 1919","","","succeeded","https://iiif.library.ucla.edu/iiif/2/ark%3A%2F21198%2Fzz00090nv5","https://iiif.library.ucla.edu/ark%3A%2F21198%2Fzz00090nv5/manifest"
"Calif. Postcards Collection.  Collection 1351","ark:/21198/zz00090nwp","ark:/21198/zz0008hs73","2","Completed","Work","Masters/dlmasters/postcards/masters/21198-zz00090nwp-1-master.tif","","https://search.library.ucla.edu/permalink/01UCS_LAL/17p22dp/alma9942327163606541","http://oac.cdlib.org/findaid/ark:/13030/tf8v19p2bb","Collection of California Postcards","Collection 1351","11","still image","unknown","Postcards","Los Angeles (Calif.)","","US","UCLA Library Special Collections, A1713 Charles E. Young Research Library, Box 951575, Los Angeles, CA 90095-1575. Email: AskLSC@library.ucla.edu. Phone: (310) 825-4651","","","University of California, Los Angeles. Library. Department of Special Collections","California Postcards Collection. Department of Special Collections, Charles E. Young Research Library, UCLA.","Typical Windmill Bakery Store Van De Kamp's, Los Angeles, Calif.","1 postcard","","","No sender's message.","clus_1351_b11_fbuildings_3","14 x 9 cm. (5.5 x 3.5 in.)","","","","succeeded","https://iiif.library.ucla.edu/iiif/2/ark%3A%2F21198%2Fzz00090nwp","https://iiif.library.ucla.edu/ark%3A%2F21198%2Fzz00090nwp/manifest"
"Calif. Postcards Collection.  Collection 1351","ark:/21198/zz00090nx6","ark:/21198/zz0008hs73","2","Completed","Work","Masters/dlmasters/postcards/masters/21198-zz00090nx6-1-master.tif","","https://search.library.ucla.edu/permalink/01UCS_LAL/17p22dp/alma9942327163606542","http://oac.cdlib.org/findaid/ark:/13030/tf8v19p2bb","Collection of California Postcards","Collection 1351","11","still image","unknown","Cityscape photographs|~|photographic postcards","Los Angeles (Calif.)","","US","UCLA Library Special Collections, A1713 Charles E. Young Research Library, Box 951575, Los Angeles, CA 90095-1575. Email: AskLSC@library.ucla.edu. Phone: (310) 825-4650","Hoffman Photo Service","","University of California, Los Angeles. Library. Department of Special Collections","California Postcards Collection. Department of Special Collections, Charles E. Young Research Library, UCLA.","View from City Hall looking South Los Angeles, California 711","1 photographic postcard","unknown","","No sender's message.","clus_1351_b11_fbirdseyeview_3","14 x 8.5 cm. (5.5 x 3 in.)","","","","succeeded","https://iiif.library.ucla.edu/iiif/2/ark%3A%2F21198%2Fzz00090nx6","https://iiif.library.ucla.edu/ark%3A%2F21198%2Fzz00090nx6/manifest"
"Calif. Postcards Collection.  Collection 1351","ark:/21198/zz00090nzq","ark:/21198/zz0008hs73","2","Completed","Work","Masters/dlmasters/postcards/masters/21198-zz00090nzq-1-master.tif","","https://search.library.ucla.edu/permalink/01UCS_LAL/17p22dp/alma9942327163606543","http://oac.cdlib.org/findaid/ark:/13030/tf8v19p2bb","Collection of California Postcards","Collection 1351","11","still image","unknown","Postcards","Los Angeles (Calif.)","City & town life--California--Los Angeles","US","UCLA Library Special Collections, A1713 Charles E. Young Research Library, Box 951575, Los Angeles, CA 90095-1575. Email: AskLSC@library.ucla.edu. Phone: (310) 825-4649","","","University of California, Los Angeles. Library. Department of Special Collections","California Postcards Collection. Department of Special Collections, Charles E. Young Research Library, UCLA.","Pacific Electric Depot, Los Angeles, Cal.","1 postcard","unknown","","No sender's message.|~|VanOrnum Colorprint Co. Los Angeles, Cal.  686","clus_1351_b11_fbuildings_2","14 x 9 cm. (5.5 x 3.5 in.)","","","VanOrnum Colorprint Co.","succeeded","https://iiif.library.ucla.edu/iiif/2/ark%3A%2F21198%2Fzz00090nzq","https://iiif.library.ucla.edu/ark%3A%2F21198%2Fzz00090nzq/manifest"
"Calif. Postcards Collection.  Collection 1351","ark:/21198/zz00090p0q","ark:/21198/zz0008hs73","2","Completed","Work","Masters/dlmasters/postcards/masters/21198-zz00090p0q-1-master.tif","","https://search.library.ucla.edu/permalink/01UCS_LAL/17p22dp/alma9942327163606544","http://oac.cdlib.org/findaid/ark:/13030/tf8v19p2bb","Collection of California Postcards","Collection 1351","11","still image","unknown","Cityscape photographs|~|photographic postcards","Los Angeles (Calif.)","City & town life--California--Los Angeles","US","UCLA Library Special Collections, A1713 Charles E. Young Research Library, Box 951575, Los Angeles, CA 90095-1575. Email: AskLSC@library.ucla.edu. Phone: (310) 825-4648","","","University of California, Los Angeles. Library. Department of Special Collections","California Postcards Collection. Department of Special Collections, Charles E. Young Research Library, UCLA.","Hill St. North from 6th. Los Angeles, Calif.","1 photographic postcard","unknown","","No sender's message.","clus_1351_b11_fdowntown_1","14 x 9 cm. (5.5 x 3.5 in.)","","","","succeeded","https://iiif.library.ucla.edu/iiif/2/ark%3A%2F21198%2Fzz00090p0q","https://iiif.library.ucla.edu/ark%3A%2F21198%2Fzz00090p0q/manifest"
"Calif. Postcards Collection.  Collection 1351","ark:/21198/zz00090p17","ark:/21198/zz0008hs73","2","Completed","Work","Masters/dlmasters/postcards/masters/21198-zz00090p17-1-master.tif","","https://search.library.ucla.edu/permalink/01UCS_LAL/17p22dp/alma9942327163606545","http://oac.cdlib.org/findaid/ark:/13030/tf8v19p2bb","Collection of California Postcards","Collection 1351","14","still image","unknown","Postcards","","California poppy","US","UCLA Library Special Collections, A1713 Charles E. Young Research Library, Box 951575, Los Angeles, CA 90095-1575. Email: AskLSC@library.ucla.edu. Phone: (310) 825-4647","","Mitchell,  Edw. H.","University of California, Los Angeles. Library. Department of Special Collections","California Postcards Collection. Department of Special Collections, Charles E. Young Research Library, UCLA.","1985 - The California Poppy","1 postcard","unknown","","Made in America by Edw. h. Mitchell at San Francisco, California.|~|No sender's message.","clus_1351_b14_poppies_1","14 x 9 cm. (5.5 x 3.5 in.)","","","","succeeded","https://iiif.library.ucla.edu/iiif/2/ark%3A%2F21198%2Fzz00090p17","https://iiif.library.ucla.edu/ark%3A%2F21198%2Fzz00090p17/manifest"
"Calif. Postcards Collection.  Collection 1351","ark:/21198/zz000s3qk4","ark:/21198/zz0008hs73","2","Completed","Work","Masters/dlmasters/postcards/masters/21198-zz000s3qk4-1-master.tif","","https://search.library.ucla.edu/permalink/01UCS_LAL/17p22dp/alma9942327163606546","http://oac.cdlib.org/findaid/ark:/13030/tf8v19p2bb","Collection of California Postcards","Collection 1351","13","still image","unknown","Postcards","","Missions, Spanish--California|~|Postcards--California","","UCLA Library Special Collections, A1713 Charles E. Young Research Library, Box 951575, Los Angeles, CA 90095-1575. Email: AskLSC@library.ucla.edu. Phone: (310) 825-4646","","","University of California, Los Angeles. Library. Department of Special Collections","California Postcards Collection. Department of Special Collections, Charles E. Young Research Library, UCLA.","Baptism of the First Gentile","1 postcard","","","","","3.5 x 5.5 in.","","Act I Mission Play, San Gabriel, California","Detroit Publishing Company","succeeded","https://iiif.library.ucla.edu/iiif/2/ark%3A%2F21198%2Fzz000s3qk4","https://iiif.library.ucla.edu/ark%3A%2F21198%2Fzz000s3qk4/manifest"
"Calif. Postcards Collection.  Collection 1351","ark:/21198/zz000s3r9g","ark:/21198/zz0008hs73","2","Completed","Work","Masters/dlmasters/postcards/masters/21198-zz000s3r9g-1-master.tif","","https://search.library.ucla.edu/permalink/01UCS_LAL/17p22dp/alma9942327163606547","http://oac.cdlib.org/findaid/ark:/13030/tf8v19p2bb","Collection of California Postcards","Collection 1351","13","still image","unknown","Postcards","","Missions, Spanish--California|~|Postcards--California","","UCLA Library Special Collections, A1713 Charles E. Young Research Library, Box 951575, Los Angeles, CA 90095-1575. Email: AskLSC@library.ucla.edu. Phone: (310) 825-4645","","","University of California, Los Angeles. Library. Department of Special Collections","California Postcards Collection. Department of Special Collections, Charles E. Young Research Library, UCLA.","Excommunication of Comandante Rivera by Father Junipero Serra","1 postcard","","","","","3.5 x 5.5 in.","","Act 2 Mission Play, San Gabriel, California","Detroit Publishing Company","succeeded","https://iiif.library.ucla.edu/iiif/2/ark%3A%2F21198%2Fzz000s3r9g","https://iiif.library.ucla.edu/ark%3A%2F21198%2Fzz000s3r9g/manifest"
"Calif. Postcards Collection.  Collection 1351","ark:/21198/zz000s3rb0","ark:/21198/zz0008hs73","2","Completed","Work","Masters/dlmasters/postcards/masters/21198-zz000s3rb0-1-master.tif","","https://search.library.ucla.edu/permalink/01UCS_LAL/17p22dp/alma9942327163606548","http://oac.cdlib.org/findaid/ark:/13030/tf8v19p2bb","Collection of California Postcards","Collection 1351","13","still image","unknown","Postcards|~|photographic postcards","","Missions, Spanish--California|~|Postcards--California","","UCLA Library Special Collections, A1713 Charles E. Young Research Library, Box 951575, Los Angeles, CA 90095-1575. Email: AskLSC@library.ucla.edu. Phone: (310) 825-4644","","","University of California, Los Angeles. Library. Department of Special Collections","California Postcards Collection. Department of Special Collections, Charles E. Young Research Library, UCLA.","No. 491, San Gabriel Mission Steps.","1 postcard","","","Photo postcard image of two young boys sitting on steps of San Gabriel Mission building.","","3.5 x 5.5 in.","","","","succeeded","https://iiif.library.ucla.edu/iiif/2/ark%3A%2F21198%2Fzz000s3rb0","https://iiif.library.ucla.edu/ark%3A%2F21198%2Fzz000s3rb0/manifest"
"Calif. Postcards Collection.  Collection 1351","ark:/21198/zz000s3rch","ark:/21198/zz0008hs73","2","Completed","Work","Masters/dlmasters/postcards/masters/21198-zz000s3rch-1-master.tif","","https://search.library.ucla.edu/permalink/01UCS_LAL/17p22dp/alma9942327163606549","http://oac.cdlib.org/findaid/ark:/13030/tf8v19p2bb","Collection of California Postcards","Collection 1351","13","still image","unknown","Postcards","","Missions, Spanish--California|~|Postcards--California","","UCLA Library Special Collections, A1713 Charles E. Young Research Library, Box 951575, Los Angeles, CA 90095-1575. Email: AskLSC@library.ucla.edu. Phone: (310) 825-4643","","","University of California, Los Angeles. Library. Department of Special Collections","California Postcards Collection. Department of Special Collections, Charles E. Young Research Library, UCLA.","Pageant of the Indian Crafts","1 postcard","","","","","3.5 x 5.5 in.","","Act 2 Mission Play, San Gabriel, California","Detroit Publishing Company","succeeded","https://iiif.library.ucla.edu/iiif/2/ark%3A%2F21198%2Fzz000s3rch","https://iiif.library.ucla.edu/ark%3A%2F21198%2Fzz000s3rch/manifest"
"Calif. Postcards Collection.  Collection 1351","ark:/21198/zz000s3rd1","ark:/21198/zz0008hs73","2","Completed","Work","Masters/dlmasters/postcards/masters/21198-zz000s3rd1-1-master.tif","","https://search.library.ucla.edu/permalink/01UCS_LAL/17p22dp/alma9942327163606550","http://oac.cdlib.org/findaid/ark:/13030/tf8v19p2bb","Collection of California Postcards","Collection 1351","14","still image","unknown","Postcards","","Postcards--California","","UCLA Library Special Collections, A1713 Charles E. Young Research Library, Box 951575, Los Angeles, CA 90095-1575. Email: AskLSC@library.ucla.edu. Phone: (310) 825-4642","Davis, Stan","","University of California, Los Angeles. Library. Department of Special Collections","California Postcards Collection. Department of Special Collections, Charles E. Young Research Library, UCLA.","The Old Plank Road on Arizona-California Highway 80","1 postcard","","","Color photograph of wooden highway and desert scene with telephone pole and mountains in the background.","","3.5 x 5.5 in.","","Decaying in the torrid sun and shifting sands, the old plank single-lane road still remains as a reminder of early day automotive travel problems through the desert sands.","Bob Petley, Phoenix, Arizona","succeeded","https://iiif.library.ucla.edu/iiif/2/ark%3A%2F21198%2Fzz000s3rd1","https://iiif.library.ucla.edu/ark%3A%2F21198%2Fzz000s3rd1/manifest"
"Calif. Postcards Collection.  Collection 1351","ark:/21198/zz000s3rfj","ark:/21198/zz0008hs73","2","Completed","Work","Masters/dlmasters/postcards/masters/21198-zz000s3rfj-1-master.tif","","https://search.library.ucla.edu/permalink/01UCS_LAL/17p22dp/alma9942327163606551","http://oac.cdlib.org/findaid/ark:/13030/tf8v19p2bb","Collection of California Postcards","Collection 1351","15","still image","unknown","photographic postcards","","Postcards--California","","UCLA Library Special Collections, A1713 Charles E. Young Research Library, Box 951575, Los Angeles, CA 90095-1575. Email: AskLSC@library.ucla.edu. Phone: (310) 825-4641","","","University of California, Los Angeles. Library. Department of Special Collections","California Postcards Collection. Department of Special Collections, Charles E. Young Research Library, UCLA.","Hell's Kitchen. Mullet Isd. Salton Sea","1 postcard","","","Photo postcard image of men sitting on benches outside of a metal-roofed shack. The shades on the outside of the structure are decorated with images of fish and birds.|~|According to Laflin, P., The Salton Sea: California's overlooked treasure. (The Periscope, Coachella Valley Historical Society, Indio, California. 1995) the structure is the Hell's Kitchen Cafe, Dance Hall and Boat Landing.","","3.5 x 5.5 in.","","","","succeeded","https://iiif.library.ucla.edu/iiif/2/ark%3A%2F21198%2Fzz000s3rfj","https://iiif.library.ucla.edu/ark%3A%2F21198%2Fzz000s3rfj/manifest"
"Calif. Postcards Collection.  Collection 1351","ark:/21198/zz000s3rj3","ark:/21198/zz0008hs73","2","Completed","Work","Masters/dlmasters/postcards/masters/21198-zz000s3rj3-1-master.tif","","https://search.library.ucla.edu/permalink/01UCS_LAL/17p22dp/alma9942327163606552","http://oac.cdlib.org/findaid/ark:/13030/tf8v19p2bb","Collection of California Postcards","Collection 1351","17","still image","unknown","photographic postcards","","Postcards--California","","UCLA Library Special Collections, A1713 Charles E. Young Research Library, Box 951575, Los Angeles, CA 90095-1575. Email: AskLSC@library.ucla.edu. Phone: (310) 825-4640","Moore, Dewey","","University of California, Los Angeles. Library. Department of Special Collections","California Postcards Collection. Department of Special Collections, Charles E. Young Research Library, UCLA.","Thermal, Calif.","1 postcard","","","Photographic postcard image of store or market with sign ""Valerie Jean,"" showing a woman standing next to large baskets of fruit or vegetables.","","3.5 x 5.5 in.","","","","succeeded","https://iiif.library.ucla.edu/iiif/2/ark%3A%2F21198%2Fzz000s3rj3","https://iiif.library.ucla.edu/ark%3A%2F21198%2Fzz000s3rj3/manifest"
